--
-- PostgreSQL database dump
--

-- Dumped from database version 12.22 (Ubuntu 12.22-0ubuntu0.20.04.4)
-- Dumped by pg_dump version 12.22 (Ubuntu 12.22-0ubuntu0.20.04.4)

SET statement_timeout = 0;
SET lock_timeout = 0;
SET idle_in_transaction_session_timeout = 0;
SET client_encoding = 'UTF8';
SET standard_conforming_strings = on;
SELECT pg_catalog.set_config('search_path', '', false);
SET check_function_bodies = false;
SET xmloption = content;
SET client_min_messages = warning;
SET row_security = off;

DROP DATABASE universe;
--
-- Name: universe; Type: DATABASE; Schema: -; Owner: freecodecamp
--

CREATE DATABASE universe WITH TEMPLATE = template0 ENCODING = 'UTF8' LC_COLLATE = 'C.UTF-8' LC_CTYPE = 'C.UTF-8';


ALTER DATABASE universe OWNER TO freecodecamp;

\connect universe

SET statement_timeout = 0;
SET lock_timeout = 0;
SET idle_in_transaction_session_timeout = 0;
SET client_encoding = 'UTF8';
SET standard_conforming_strings = on;
SELECT pg_catalog.set_config('search_path', '', false);
SET check_function_bodies = false;
SET xmloption = content;
SET client_min_messages = warning;
SET row_security = off;

SET default_tablespace = '';

SET default_table_access_method = heap;

--
-- Name: galaxy; Type: TABLE; Schema: public; Owner: freecodecamp
--

CREATE TABLE public.galaxy (
    galaxy_id integer NOT NULL,
    name character varying(20) NOT NULL,
    type character varying(50),
    "diameter (ly)" integer,
    "distance from Earth (ly)" integer
);


ALTER TABLE public.galaxy OWNER TO freecodecamp;

--
-- Name: galaxy_id_seq; Type: SEQUENCE; Schema: public; Owner: freecodecamp
--

CREATE SEQUENCE public.galaxy_id_seq
    AS integer
    START WITH 1
    INCREMENT BY 1
    NO MINVALUE
    NO MAXVALUE
    CACHE 1;


ALTER TABLE public.galaxy_id_seq OWNER TO freecodecamp;

--
-- Name: galaxy_id_seq; Type: SEQUENCE OWNED BY; Schema: public; Owner: freecodecamp
--

ALTER SEQUENCE public.galaxy_id_seq OWNED BY public.galaxy.galaxy_id;


--
-- Name: mission; Type: TABLE; Schema: public; Owner: freecodecamp
--

CREATE TABLE public.mission (
    type character varying(50),
    launch_date date,
    name character varying(50) NOT NULL,
    mission_id integer NOT NULL
);


ALTER TABLE public.mission OWNER TO freecodecamp;

--
-- Name: missions_mission_id_seq; Type: SEQUENCE; Schema: public; Owner: freecodecamp
--

CREATE SEQUENCE public.missions_mission_id_seq
    AS integer
    START WITH 1
    INCREMENT BY 1
    NO MINVALUE
    NO MAXVALUE
    CACHE 1;


ALTER TABLE public.missions_mission_id_seq OWNER TO freecodecamp;

--
-- Name: missions_mission_id_seq; Type: SEQUENCE OWNED BY; Schema: public; Owner: freecodecamp
--

ALTER SEQUENCE public.missions_mission_id_seq OWNED BY public.mission.mission_id;


--
-- Name: moon; Type: TABLE; Schema: public; Owner: freecodecamp
--

CREATE TABLE public.moon (
    moon_id integer NOT NULL,
    name character varying(20) NOT NULL,
    planet_id integer,
    "radius size (km)" numeric(10,2),
    is_spherical boolean,
    note text
);


ALTER TABLE public.moon OWNER TO freecodecamp;

--
-- Name: moon_id_seq; Type: SEQUENCE; Schema: public; Owner: freecodecamp
--

CREATE SEQUENCE public.moon_id_seq
    AS integer
    START WITH 1
    INCREMENT BY 1
    NO MINVALUE
    NO MAXVALUE
    CACHE 1;


ALTER TABLE public.moon_id_seq OWNER TO freecodecamp;

--
-- Name: moon_id_seq; Type: SEQUENCE OWNED BY; Schema: public; Owner: freecodecamp
--

ALTER SEQUENCE public.moon_id_seq OWNED BY public.moon.moon_id;


--
-- Name: planet; Type: TABLE; Schema: public; Owner: freecodecamp
--

CREATE TABLE public.planet (
    planet_id integer NOT NULL,
    name character varying(20) NOT NULL,
    star_id integer,
    has_life boolean,
    "distance from Sun (AU)" numeric(10,2),
    "radius size (km)" numeric(10,2)
);


ALTER TABLE public.planet OWNER TO freecodecamp;

--
-- Name: planet_id_seq; Type: SEQUENCE; Schema: public; Owner: freecodecamp
--

CREATE SEQUENCE public.planet_id_seq
    AS integer
    START WITH 1
    INCREMENT BY 1
    NO MINVALUE
    NO MAXVALUE
    CACHE 1;


ALTER TABLE public.planet_id_seq OWNER TO freecodecamp;

--
-- Name: planet_id_seq; Type: SEQUENCE OWNED BY; Schema: public; Owner: freecodecamp
--

ALTER SEQUENCE public.planet_id_seq OWNED BY public.planet.planet_id;


--
-- Name: star; Type: TABLE; Schema: public; Owner: freecodecamp
--

CREATE TABLE public.star (
    star_id integer NOT NULL,
    name character varying(20) NOT NULL,
    galaxy_id integer,
    "distance from Earth (ly)" numeric(10,2),
    "relative mass (solar)" numeric(10,2)
);


ALTER TABLE public.star OWNER TO freecodecamp;

--
-- Name: star_id_seq; Type: SEQUENCE; Schema: public; Owner: freecodecamp
--

CREATE SEQUENCE public.star_id_seq
    AS integer
    START WITH 1
    INCREMENT BY 1
    NO MINVALUE
    NO MAXVALUE
    CACHE 1;


ALTER TABLE public.star_id_seq OWNER TO freecodecamp;

--
-- Name: star_id_seq; Type: SEQUENCE OWNED BY; Schema: public; Owner: freecodecamp
--

ALTER SEQUENCE public.star_id_seq OWNED BY public.star.star_id;


--
-- Name: galaxy galaxy_id; Type: DEFAULT; Schema: public; Owner: freecodecamp
--

ALTER TABLE ONLY public.galaxy ALTER COLUMN galaxy_id SET DEFAULT nextval('public.galaxy_id_seq'::regclass);


--
-- Name: mission mission_id; Type: DEFAULT; Schema: public; Owner: freecodecamp
--

ALTER TABLE ONLY public.mission ALTER COLUMN mission_id SET DEFAULT nextval('public.missions_mission_id_seq'::regclass);


--
-- Name: moon moon_id; Type: DEFAULT; Schema: public; Owner: freecodecamp
--

ALTER TABLE ONLY public.moon ALTER COLUMN moon_id SET DEFAULT nextval('public.moon_id_seq'::regclass);


--
-- Name: planet planet_id; Type: DEFAULT; Schema: public; Owner: freecodecamp
--

ALTER TABLE ONLY public.planet ALTER COLUMN planet_id SET DEFAULT nextval('public.planet_id_seq'::regclass);


--
-- Name: star star_id; Type: DEFAULT; Schema: public; Owner: freecodecamp
--

ALTER TABLE ONLY public.star ALTER COLUMN star_id SET DEFAULT nextval('public.star_id_seq'::regclass);


--
-- Data for Name: galaxy; Type: TABLE DATA; Schema: public; Owner: freecodecamp
--

INSERT INTO public.galaxy VALUES (1, 'Milky Way', 'Barred spiral galaxy', 87400, NULL);
INSERT INTO public.galaxy VALUES (2, 'Ursa Major III', 'Dwarf spheroidal galaxy', 120, 33000);
INSERT INTO public.galaxy VALUES (3, 'Draco III', 'Dwarf spheroidal galaxy', 120, 70100);
INSERT INTO public.galaxy VALUES (4, 'Tucana III', 'Dwarf spheroidal galaxy', 220, 74700);
INSERT INTO public.galaxy VALUES (5, 'Segue 1', 'Dwarf spheroidal galaxy', NULL, 75000);
INSERT INTO public.galaxy VALUES (6, 'Sagittarius', 'Dwarf spheroidal galaxy', 10000, 78000);


--
-- Data for Name: mission; Type: TABLE DATA; Schema: public; Owner: freecodecamp
--

INSERT INTO public.mission VALUES ('scientific', '2025-09-24', 'IMAP', 1);
INSERT INTO public.mission VALUES ('scientific', '2025-07-23', 'TRACERS', 2);
INSERT INTO public.mission VALUES ('scientific', '2025-04-20', 'Lucy', 3);


--
-- Data for Name: moon; Type: TABLE DATA; Schema: public; Owner: freecodecamp
--

INSERT INTO public.moon VALUES (1, 'Moon', 2, 1738.00, true, NULL);
INSERT INTO public.moon VALUES (2, 'Ganymede', 3, 2635.00, true, NULL);
INSERT INTO public.moon VALUES (3, 'Callisto', 3, 2410.00, true, NULL);
INSERT INTO public.moon VALUES (4, 'Io', 3, 1821.00, true, NULL);
INSERT INTO public.moon VALUES (5, 'Europa', 3, 970.00, true, NULL);
INSERT INTO public.moon VALUES (6, 'Phobos', 5, 11.27, false, NULL);
INSERT INTO public.moon VALUES (7, 'Deimos', 5, 6.20, false, NULL);
INSERT INTO public.moon VALUES (8, 'Amalthea', 3, 83.50, false, NULL);
INSERT INTO public.moon VALUES (9, 'Himalia', 3, 69.80, false, NULL);
INSERT INTO public.moon VALUES (10, 'Mimas', 6, 198.20, true, NULL);
INSERT INTO public.moon VALUES (11, 'Enceladus', 6, 252.10, true, NULL);
INSERT INTO public.moon VALUES (12, 'Tehys', 6, 533.10, true, NULL);
INSERT INTO public.moon VALUES (13, 'Dione', 6, 561.40, true, NULL);
INSERT INTO public.moon VALUES (14, 'Rhea', 6, 763.80, true, NULL);
INSERT INTO public.moon VALUES (15, 'Titan', 6, 2574.73, true, NULL);
INSERT INTO public.moon VALUES (16, 'Phoebe', 6, 106.50, false, NULL);
INSERT INTO public.moon VALUES (17, 'Ariel', 7, 578.90, true, NULL);
INSERT INTO public.moon VALUES (18, 'Umbriel', 7, 584.70, true, NULL);
INSERT INTO public.moon VALUES (19, 'Titania', 7, 788.90, true, NULL);
INSERT INTO public.moon VALUES (20, 'Oberon', 7, 761.40, true, NULL);
INSERT INTO public.moon VALUES (21, 'Miranda', 7, 235.80, true, NULL);
INSERT INTO public.moon VALUES (22, 'Cordelia', 7, 20.10, false, NULL);
INSERT INTO public.moon VALUES (23, 'Ophelia', 7, 21.40, false, NULL);


--
-- Data for Name: planet; Type: TABLE DATA; Schema: public; Owner: freecodecamp
--

INSERT INTO public.planet VALUES (1, 'Mercury', 1, false, 0.40, 2440.00);
INSERT INTO public.planet VALUES (2, 'Earth', 1, true, 1.00, 12756.00);
INSERT INTO public.planet VALUES (3, 'Jupiter', 1, false, 5.20, 69911.00);
INSERT INTO public.planet VALUES (4, 'Venus', 1, false, 0.72, 6052.00);
INSERT INTO public.planet VALUES (5, 'Mars', 1, false, 1.50, 3390.00);
INSERT INTO public.planet VALUES (6, 'Saturn', 1, false, 9.50, 60250.00);
INSERT INTO public.planet VALUES (7, 'Uranus', 1, false, 19.00, 25559.00);
INSERT INTO public.planet VALUES (8, 'Neptune', 1, false, 30.00, 24764.00);
INSERT INTO public.planet VALUES (9, 'Proxima Centauri b', 2, false, NULL, NULL);
INSERT INTO public.planet VALUES (10, 'Proxima Centauri d', 2, false, NULL, NULL);
INSERT INTO public.planet VALUES (11, 'Barnard e', 6, false, NULL, NULL);
INSERT INTO public.planet VALUES (12, 'Kepler 37 b', 9, false, NULL, 1980.00);


--
-- Data for Name: star; Type: TABLE DATA; Schema: public; Owner: freecodecamp
--

INSERT INTO public.star VALUES (1, 'Sun', 1, 0.00, 1.00);
INSERT INTO public.star VALUES (2, 'Proxima Centauri', 1, 4.25, 0.12);
INSERT INTO public.star VALUES (3, 'Rigil Kentaurus', 1, 4.34, 1.08);
INSERT INTO public.star VALUES (4, 'Toliman', 1, 4.34, 0.91);
INSERT INTO public.star VALUES (6, 'Barnards Star', 1, 5.96, 0.14);
INSERT INTO public.star VALUES (7, 'Luhman 16 A', 1, 6.50, 0.03);
INSERT INTO public.star VALUES (8, 'WISE 0855-0714', 1, 7.43, 0.01);
INSERT INTO public.star VALUES (9, 'Kepler 37', 1, 208.70, 0.79);


--
-- Name: galaxy_id_seq; Type: SEQUENCE SET; Schema: public; Owner: freecodecamp
--

SELECT pg_catalog.setval('public.galaxy_id_seq', 6, true);


--
-- Name: missions_mission_id_seq; Type: SEQUENCE SET; Schema: public; Owner: freecodecamp
--

SELECT pg_catalog.setval('public.missions_mission_id_seq', 3, true);


--
-- Name: moon_id_seq; Type: SEQUENCE SET; Schema: public; Owner: freecodecamp
--

SELECT pg_catalog.setval('public.moon_id_seq', 23, true);


--
-- Name: planet_id_seq; Type: SEQUENCE SET; Schema: public; Owner: freecodecamp
--

SELECT pg_catalog.setval('public.planet_id_seq', 12, true);


--
-- Name: star_id_seq; Type: SEQUENCE SET; Schema: public; Owner: freecodecamp
--

SELECT pg_catalog.setval('public.star_id_seq', 9, true);


--
-- Name: galaxy galaxy_id_key; Type: CONSTRAINT; Schema: public; Owner: freecodecamp
--

ALTER TABLE ONLY public.galaxy
    ADD CONSTRAINT galaxy_id_key UNIQUE (galaxy_id);


--
-- Name: galaxy galaxy_pkey; Type: CONSTRAINT; Schema: public; Owner: freecodecamp
--

ALTER TABLE ONLY public.galaxy
    ADD CONSTRAINT galaxy_pkey PRIMARY KEY (galaxy_id);


--
-- Name: mission missions_pkey; Type: CONSTRAINT; Schema: public; Owner: freecodecamp
--

ALTER TABLE ONLY public.mission
    ADD CONSTRAINT missions_pkey PRIMARY KEY (mission_id);


--
-- Name: moon moon_id_key; Type: CONSTRAINT; Schema: public; Owner: freecodecamp
--

ALTER TABLE ONLY public.moon
    ADD CONSTRAINT moon_id_key UNIQUE (moon_id);


--
-- Name: moon moon_pkey; Type: CONSTRAINT; Schema: public; Owner: freecodecamp
--

ALTER TABLE ONLY public.moon
    ADD CONSTRAINT moon_pkey PRIMARY KEY (moon_id);


--
-- Name: planet planet_id_key; Type: CONSTRAINT; Schema: public; Owner: freecodecamp
--

ALTER TABLE ONLY public.planet
    ADD CONSTRAINT planet_id_key UNIQUE (planet_id);


--
-- Name: planet planet_pkey; Type: CONSTRAINT; Schema: public; Owner: freecodecamp
--

ALTER TABLE ONLY public.planet
    ADD CONSTRAINT planet_pkey PRIMARY KEY (planet_id);


--
-- Name: star star_id_key; Type: CONSTRAINT; Schema: public; Owner: freecodecamp
--

ALTER TABLE ONLY public.star
    ADD CONSTRAINT star_id_key UNIQUE (star_id);


--
-- Name: star star_pkey; Type: CONSTRAINT; Schema: public; Owner: freecodecamp
--

ALTER TABLE ONLY public.star
    ADD CONSTRAINT star_pkey PRIMARY KEY (star_id);


--
-- Name: mission uq_name; Type: CONSTRAINT; Schema: public; Owner: freecodecamp
--

ALTER TABLE ONLY public.mission
    ADD CONSTRAINT uq_name UNIQUE (name);


--
-- Name: moon moon_planet_id_fkey; Type: FK CONSTRAINT; Schema: public; Owner: freecodecamp
--

ALTER TABLE ONLY public.moon
    ADD CONSTRAINT moon_planet_id_fkey FOREIGN KEY (planet_id) REFERENCES public.planet(planet_id);


--
-- Name: planet planet_star_id_fkey; Type: FK CONSTRAINT; Schema: public; Owner: freecodecamp
--

ALTER TABLE ONLY public.planet
    ADD CONSTRAINT planet_star_id_fkey FOREIGN KEY (star_id) REFERENCES public.star(star_id);


--
-- Name: star star_galaxy_id_fkey; Type: FK CONSTRAINT; Schema: public; Owner: freecodecamp
--

ALTER TABLE ONLY public.star
    ADD CONSTRAINT star_galaxy_id_fkey FOREIGN KEY (galaxy_id) REFERENCES public.galaxy(galaxy_id);


--
-- PostgreSQL database dump complete
--

